model,MAE,RMSE,R2
LinearRegression,0.46559608571596867,1.9043415733108178,0.7529180688999415
GradientBoosting,0.7082014016629852,2.03261005305589,0.7185122961892414
XGBoost,0.7751342115034036,2.073052242966624,0.7071995204328799
RandomForest,1.0575094625283874,2.1908776356826603,0.6729700452940424
DecisionTree,1.550024964040689,2.5965423656398627,0.540651697325057
