model,model_type,MAE,RMSE,R2
LinearRegression,ML,0.46559608571596867,1.9043415733108178,0.7529180688999415
GradientBoosting,ML,0.7082014016629852,2.03261005305589,0.7185122961892414
DL_SimpleDense,DL,0.8419820666313171,2.035112786881447,0.7178187370300293
RandomForest,ML,1.0575094625283874,2.1908776356826603,0.6729700452940424
DL_DeepDense,DL,47.4488525390625,47.79299030061836,-154.62510681152344
DL_Regularized,DL,54.6680908203125,55.00082341358059,-205.10552978515625
